"Service Name","Service Image","Short Description","Detailed Description","Process Steps","Benefits","Timeline Estimate","ID","Created Date","Updated Date","Owner"
"Snow Control ","wix:image://v1/nsplsh_c0d5f13aff324ccd870d51070b071a91~mv2.jpg/Image%20by%20Albert%20Stoynov.jpg#originWidth=3506&originHeight=4674","Reliable and efficient snow control services, including pre-season preparation, salting, and professional plowing for commercial and residential properties.","Ensure your property remains safe and accessible throughout the winter with our comprehensive snow control services. We offer pre-season site assessments and planning to identify critical areas. Our salting services prevent ice formation and melt existing snow, while our professional plowing teams efficiently clear driveways, parking lots, and walkways. We are equipped to handle various snow events, providing timely and thorough service to minimize disruption and ensure safety.","1. Pre-season Site Assessment & Contract Agreement; 2. Monitoring Weather Forecasts; 3. Pre-treatment/Salting (as needed); 4. Snow Plowing Operations (during/after snowfall); 5. Post-Plow Salting & De-icing; 6. Follow-up & Site Inspection.","Enhanced safety for residents/customers, uninterrupted access to property, reduced liability risks, professional and timely service, peace of mind during winter, customized service plans.","Seasonal contract (October-April)","11aca1c2-7f43-453d-a7cd-5dabb4433064",2026-01-29T13:12:02Z,2026-02-11T17:13:55Z,"dc69aba8-38b9-4862-b565-3bf5f61f7430"
"Kitchens ","wix:image://v1/11062b_edcaa8e2622b4770b6746ce82775704c~mv2.jpg/Elegant%20Kitchen%20Design.jpg#originWidth=5000&originHeight=2805","Renovations & full build-outs","We offer end-to-end kitchen solutions, from contemporary designs to classic remodels. Our team manages all aspects, including space planning, custom cabinetry, countertop installation (granite, quartz, marble), appliance integration, lighting design, flooring, and backsplash installation. We focus on maximizing efficiency, storage, and aesthetic appeal to deliver a kitchen that is both beautiful and highly functional.","1. Design Consultation & Layout Planning; 2. Material & Appliance Selection; 3. Demolition & Site Preparation; 4. Plumbing & Electrical Updates; 5. Cabinet Installation; 6. Countertop Templating & Installation; 7. Appliance & Fixture Installation; 8. Backsplash & Flooring; 9. Painting & Finishing; 10. Final Walkthrough.","Modernized living space, increased property value, improved cooking experience, better organization, energy-efficient options, custom solutions.","4-8 weeks depending on complexity","1823312c-339b-43ef-9662-1277b00b7a2c",2026-01-29T13:12:02Z,2026-02-11T17:09:55Z,"dc69aba8-38b9-4862-b565-3bf5f61f7430"
"Interiors ","wix:image://v1/nsplsh_562c4c36e7bc4b26bbc389a2781d953d~mv2.jpg/Image%20by%20Lotus%20Design%20N%20Print.jpg#originWidth=6000&originHeight=4000","Framing, Drywall, painting, Mill-Work","Our interior services lay the foundation and add the finishing touches to any space. We provide precise framing for structural integrity, seamless drywall installation and finishing, professional painting services for a flawless look, and custom millwork including trim, molding, wainscoting, and built-ins to enhance architectural details and functionality. We ensure every interior element is crafted with attention to detail and quality.","1. Site Preparation & Protection; 2. Framing & Structural Work; 3. Electrical & Plumbing Rough-in (if applicable); 4. Drywall Installation & Taping; 5. Priming & Painting; 6. Millwork Fabrication & Installation; 7. Final Touches & Clean-up.","Strong structural foundation, smooth and durable wall surfaces, fresh and appealing aesthetics, enhanced interior design, custom storage and decorative elements, professional finish.","2-10 weeks depending on project size","1e4ace39-d84a-4d91-a9e8-709876055ceb",2026-01-29T13:12:02Z,2026-02-11T17:11:03Z,"dc69aba8-38b9-4862-b565-3bf5f61f7430"
"Residential Construction","wix:image://v1/1bdf38229a3e48f5aa5bf33a7c65ca92.jpg/Residential%20Construction%20Site.jpg#originWidth=5025&originHeight=3350","Building dream homes from concept to completion.","Our residential construction service covers everything from custom home builds to multi-unit dwellings. We work closely with clients, architects, and designers to ensure every detail aligns with their vision, delivering high-quality, durable, and aesthetically pleasing homes.","1. Initial Consultation & Design Planning. 2. Site Preparation & Foundation Laying. 3. Framing & Structural Work. 4. Roofing & Exterior Finishing. 5. Interior Systems (Plumbing, Electrical, HVAC). 6. Interior Finishing (Drywall, Painting, Flooring). 7. Final Inspection & Handover.","Customized designs, high-quality materials, energy-efficient solutions, timely project completion, dedicated project management, transparent communication.","6-18 months depending on project size and complexity.","3275831a-2334-49d3-883c-83c750839686",2026-01-27T16:55:38Z,2026-02-11T17:17:53Z,"dc69aba8-38b9-4862-b565-3bf5f61f7430"
"Concrete","wix:image://v1/nsplsh_7fbf9e99de034e4f8c9fa22db9caa8b7~mv2.jpg/Image%20by%20Samuel%20Cruz.jpg#originWidth=2832&originHeight=4240","Precision concrete solutions for foundations, slabs, sidewalks, driveways, and structural flatwork","We provide professional concrete construction services for residential, commercial, and industrial projects. From structural foundations and reinforced slabs to decorative flatwork and heavy-duty surfaces, our team ensures precision grading, proper reinforcement, and expert finishing.

Whether you're building from the ground up or upgrading existing infrastructure, we deliver durable, code-compliant concrete work designed to withstand weather, weight, and time. Every project is carefully scoped, engineered, and executed to meet structural demands and aesthetic goals.","1.Project Scoping & Site Evaluation

2.Engineering Review & Permitting (if required)

3.Excavation & Base Preparation

4.Forming & Reinforcement Installation

5.Concrete Pour & Finishing

6.Curing & Quality Inspection

7.Final Walkthrough & Approval","• Long-lasting structural integrity
• Increased property value
• Improved safety and load-bearing capacity
• Clean, professional finish
• Weather-resistant durability","1–6 weeks depending on scope, curing requirements, and site conditions.","3352477f-2461-402a-8038-8a1b55297782",2026-01-27T16:55:38Z,2026-02-11T17:24:53Z,"dc69aba8-38b9-4862-b565-3bf5f61f7430"
"Bathrooms ","wix:image://v1/nsplsh_76551a5ee2da4235aa35e8b1d0f53f82~mv2.jpg/Image%20by%20Lotus%20Design%20N%20Print.jpg#originWidth=5986&originHeight=3991","Renovations & full Build-outs","From minor updates to complete overhauls, we specialize in creating stunning bathrooms. Our services include design consultation, demolition, plumbing and electrical work, tile installation, fixture selection and installation, custom cabinetry, and painting. We handle everything from small powder rooms to large master ensuites, ensuring high-quality finishes and efficient project management.","1. Initial Consultation & Design; 2. Material Selection & Budgeting; 3. Demolition & Preparation; 4. Plumbing & Electrical Rough-in; 5. Framing & Drywall; 6. Tiling & Flooring; 7. Fixture Installation; 8. Painting & Finishing; 9. Final Inspection & Handover.","Increased home value, improved functionality, enhanced aesthetics, personalized design, durable and high-quality materials, professional project management.","3-6 weeks depending on scope","4ac9e78b-4988-4973-a2e3-8bb307df0c49",2026-01-29T13:12:02Z,2026-02-11T17:08:51Z,"dc69aba8-38b9-4862-b565-3bf5f61f7430"
"Exteriors ","wix:image://v1/nsplsh_ae9c67dd48964d3ea01e1ceb31c75b90~mv2.jpg/Image%20by%20Behnam%20Norouzi.jpg#originWidth=3024&originHeight=4032","Comprehensive exterior construction services, including robust framing, durable siding installation, and high-quality concrete work.","We build and enhance the exterior of your property, ensuring durability, curb appeal, and structural integrity. Our services include new construction framing, exterior wall framing, and structural repairs. We install a variety of siding materials such as vinyl, fiber cement, wood, and metal, providing weather protection and aesthetic appeal. Additionally, we offer concrete services for foundations, driveways, patios, walkways, and decorative concrete finishes, all built to last.","1. Site Assessment & Planning; 2. Foundation & Concrete Work; 3. Exterior Framing; 4. Sheathing & Weather Barrier Installation; 5. Siding Installation; 6. Window & Door Installation (exterior); 7. Final Exterior Finishing & Clean-up.","Enhanced curb appeal, increased property value, superior weather protection, structural stability, durable and low-maintenance materials, custom design options.","4-12 weeks depending on project scope","624af629-0956-4d7c-be69-8558f5e5479a",2026-01-29T13:12:02Z,2026-02-11T17:12:51Z,"dc69aba8-38b9-4862-b565-3bf5f61f7430"
"Renovation & Remodeling","wix:image://v1/nsplsh_81c0cf073ff14b9ba59f2af41853c476~mv2.jpg/Image%20by%20immo%20RENOVATION.jpg#originWidth=6217&originHeight=4145","Transforming existing spaces to meet new needs and aesthetics.","Whether it's a home kitchen remodel, a bathroom upgrade, or a complete commercial office overhaul, our renovation and remodeling services breathe new life into old spaces. We focus on enhancing functionality, improving aesthetics, and increasing property value while minimizing disruption.","1. Design Consultation & Scope Definition. 2. Demolition & Site Preparation. 3. Structural Modifications (if needed). 4. New Installations (Plumbing, Electrical, HVAC). 5. Finishing Work (Cabinetry, Flooring, Painting). 6. Final Cleaning & Inspection.","Increased property value, improved functionality, modern aesthetics, energy efficiency upgrades, personalized design, efficient project execution.","2 weeks to 6 months depending on the scope of work.","83ac1998-f3f9-452c-9807-502085b3017f",2026-01-27T16:55:38Z,2026-02-11T17:19:19Z,"dc69aba8-38b9-4862-b565-3bf5f61f7430"
